{"paths":{},"types":[],"uuids":["0454OCXupLa6APpM2Qc+dY","83YLErq6hLY5P+ak85odNY","93lxdmbtdKFp6S0wNRhwrH","68VUX2m7VL6pE696r1PSWu","7a/QZLET9IDreTiBfRn2PD","9f4rYhtNtF0Z8kKixNlHcI","ecpdLyjvZBwrvm+cedCcQy"],"scenes":{"db://assets/Root.fire":2},"redirect":[4,0,6,0],"deps":["internal"],"packs":{"0242e5c39":[0,1],"0e55ec2c6":[3,2]},"name":"main","importBase":"import","nativeBase":"native","debug":false,"isZip":false,"encrypted":true,"versions":{"import":["0242e5c39","b2b05","0e55ec2c6","08c0b",5,"581b1"],"native":[0,"80277",1,"a9c37"]}}