[1,["0454OCXupLa6APpM2Qc+dY"],0,[["sp.SkeletonData",["_name","_atlasText","textureNames","_skeletonJson","textures"],-1,3]],[[0,0,1,2,3,4,5]],[[0,"skeleton","\nskeleton.png\nsize: 1024,512\nformat: RGBA8888\nfilter: Linear,Linear\nrepeat: none\n7\n  rotate: true\n  xy: 2, 45\n  size: 168, 252\n  orig: 168, 252\n  offset: 0, 0\n  index: -1\n8\n  rotate: false\n  xy: 840, 246\n  size: 172, 238\n  orig: 172, 238\n  offset: 0, 0\n  index: -1\n9\n  rotate: true\n  xy: 256, 26\n  size: 177, 253\n  orig: 177, 253\n  offset: 0, 0\n  index: -1\nas1\n  rotate: true\n  xy: 2, 370\n  size: 114, 481\n  orig: 114, 481\n  offset: 0, 0\n  index: -1\nas3\n  rotate: true\n  xy: 2, 215\n  size: 153, 437\n  orig: 153, 437\n  offset: 0, 0\n  index: -1\nas4\n  rotate: true\n  xy: 485, 369\n  size: 115, 353\n  orig: 115, 353\n  offset: 0, 0\n  index: -1\nas5\n  rotate: true\n  xy: 511, 2\n  size: 201, 440\n  orig: 201, 440\n  offset: 0, 0\n  index: -1\nclub\n  rotate: false\n  xy: 441, 205\n  size: 363, 162\n  orig: 363, 162\n  offset: 0, 0\n  index: -1\n",["skeleton.png"],{"skins":{"default":{"7":{"7":{"width":168,"height":252}},"8":{"8":{"width":172,"height":238}},"9":{"9":{"x":0.5,"width":177,"y":0.5,"height":253}},"10":{"9":{"x":0.5,"width":177,"y":0.5,"height":253}},"11":{"8":{"width":172,"height":238}},"12":{"7":{"width":168,"height":252}},"as3":{"as3":{"rotation":-99.68,"x":192.5,"width":153,"y":-0.41,"height":437}},"as5":{"as5":{"rotation":-72.1,"x":200.38,"width":201,"y":5.82,"height":440}},"as4":{"as4":{"rotation":-84.69,"x":130.64,"width":115,"y":-0.68,"height":353}},"club":{"club":{"x":0.5,"width":363,"height":162}},"club3":{"club":{"x":0.5,"width":363,"height":162}},"club2":{"club":{"x":0.5,"width":363,"height":162}},"as1":{"as1":{"rotation":-90,"x":189.83,"width":114,"y":12.01,"height":481}}}},"skeleton":{"images":"","width":363,"spine":"3.7.93","audio":"","hash":"+rH0HlMVj9A9OlI33WXdvWir/kM","height":253},"slots":[{"attachment":"7","name":"7","bone":"bone"},{"blend":"additive","name":"12","bone":"bone17"},{"attachment":"8","name":"8","bone":"bone2"},{"blend":"additive","name":"11","bone":"bone13"},{"attachment":"9","name":"9","bone":"bone3"},{"blend":"additive","name":"10","bone":"bone10"},{"blend":"additive","name":"as1","bone":"bone11"},{"blend":"additive","name":"as3","bone":"bone12"},{"blend":"additive","name":"as4","bone":"bone14"},{"blend":"additive","name":"as5","bone":"bone15"},{"attachment":"club","name":"club","bone":"bone9"},{"blend":"additive","name":"club2","bone":"bone16"},{"blend":"additive","name":"club3","bone":"bone18"}],"bones":[{"name":"root"},{"parent":"root","name":"bone"},{"parent":"root","name":"bone2"},{"parent":"root","name":"bone3"},{"parent":"root","name":"bone4"},{"parent":"root","name":"bone5"},{"parent":"bone5","rotation":111.44,"name":"bone12","length":222.99,"x":32.46,"y":-189.33},{"parent":"root","name":"bone6"},{"parent":"root","name":"bone7"},{"parent":"root","name":"bone9"},{"parent":"bone4","rotation":86.71,"name":"bone11","length":235.15,"x":12.01,"y":-189.33},{"parent":"bone6","rotation":84.69,"name":"bone14","length":236.66,"x":-12.28,"y":-129.51},{"parent":"bone7","rotation":72.1,"name":"bone15","length":245.54,"x":-55.54,"y":-192.47},{"parent":"root","name":"bone16"},{"parent":"root","name":"bone10"},{"parent":"root","name":"bone13"},{"parent":"root","name":"bone17"},{"parent":"root","name":"bone18"}],"animations":{"loop":{"slots":{"10":{"color":[{"color":"ffffffff","time":0},{"color":"ffffff00","time":0.3333}],"attachment":[{"name":"9","time":0}]},"11":{"color":[{"color":"ffffffff","time":0},{"color":"ffffff00","time":0.3333}],"attachment":[{"name":"8","time":0}]},"12":{"color":[{"color":"ffffffff","time":0},{"color":"ffffff00","time":0.3333}],"attachment":[{"name":"7","time":0},{"name":null,"time":4}]},"as3":{"attachment":[{"name":"as3","time":0}]},"as5":{"attachment":[{"name":"as5","time":0}]},"as4":{"attachment":[{"name":"as4","time":0}]},"club3":{"color":[{"color":"ffffffff","time":0},{"color":"ffffff00","time":0.3333}],"attachment":[{"name":"club","time":0}]},"as1":{"attachment":[{"name":"as1","time":0}]}},"bones":{"bone17":{"scale":[{"x":1,"y":1,"time":0},{"x":1.5,"y":1.5,"time":0.3333},{"x":2,"y":2,"time":3.6667},{"x":4,"y":4,"time":3.8667}],"translate":[{"x":-116.83,"y":-55.98,"time":0},{"x":-116.83,"y":0,"time":0.3333}]},"bone18":{"scale":[{"x":1,"y":1,"time":0},{"x":1.5,"y":1.5,"time":0.3333},{"x":2,"y":2,"time":3.6667},{"x":4,"y":4,"time":3.8667}],"translate":[{"x":31.64,"y":-113.28,"time":0}]},"bone15":{"rotate":[{"angle":0,"time":0},{"angle":-39.61,"time":0.5},{"angle":0,"time":1},{"angle":77.59,"time":1.5},{"angle":0,"time":2},{"angle":-40.2,"time":2.5},{"angle":0,"time":3},{"angle":65.77,"time":3.5},{"angle":0,"time":4}],"scale":[{"x":0.8,"y":0.8,"time":0}],"translate":[{"x":216.63,"y":-48.68,"time":0}]},"bone3":{"translate":[{"x":126.57,"y":43.81,"time":0}]},"bone2":{"translate":[{"x":0,"y":21.91,"time":0}]},"bone10":{"scale":[{"x":1,"y":1,"time":0},{"x":1.5,"y":1.5,"time":0.3333},{"x":2,"y":2,"time":3.6667},{"x":4,"y":4,"time":3.8667}],"translate":[{"x":126.57,"y":43.81,"time":0},{"x":126.57,"y":77.89,"time":0.3333}]},"bone":{"translate":[{"x":-116.83,"y":-55.98,"time":0}]},"bone9":{"translate":[{"x":31.64,"y":-113.28,"time":0}]},"bone13":{"scale":[{"x":1,"y":1,"time":0},{"x":1.5,"y":1.5,"time":0.3333},{"x":2,"y":2,"time":3.6667},{"x":4,"y":4,"time":3.8667}],"translate":[{"x":0,"y":21.91,"time":0}]},"bone14":{"rotate":[{"angle":0,"time":0},{"angle":49.6,"time":0.5},{"angle":0,"time":1},{"angle":-37.8,"time":1.5},{"angle":0,"time":2},{"angle":49.6,"time":2.5},{"angle":0,"time":3},{"angle":-42.67,"time":3.5},{"angle":0,"time":4}],"translate":[{"x":-374.84,"y":-97.36,"time":0}]},"bone11":{"rotate":[{"angle":3.29,"time":0},{"angle":60.87,"time":0.5},{"angle":3.29,"time":1},{"angle":-55.43,"time":1.5},{"angle":3.29,"time":2},{"angle":60.87,"time":2.5},{"angle":3.29,"time":3},{"angle":-55.43,"time":3.5},{"angle":3.29,"time":4}],"translate":[{"x":351.02,"y":20.45,"time":0}]},"bone12":{"rotate":[{"angle":0,"time":0},{"angle":-71.48,"time":0.5},{"angle":0,"time":1},{"angle":44.51,"time":1.5},{"angle":0,"time":2},{"angle":-71.48,"time":2.5},{"angle":0,"time":3},{"angle":44.51,"time":3.5},{"angle":0,"time":4}],"translate":[{"x":-224.5,"y":17.81,"time":0}]}}},"dismiss":{"slots":{"7":{"color":[{"color":"ffffffff","time":0},{"color":"ffffffc6","time":0.1667},{"color":"ffffff00","time":0.3333}]},"8":{"color":[{"color":"ffffffff","time":0},{"color":"ffffffbd","time":0.1667},{"color":"ffffff00","time":0.3333}]},"9":{"color":[{"color":"ffffffff","time":0},{"color":"ffffffa3","time":0.1667},{"color":"ffffff00","time":0.3333}]},"as3":{"attachment":[{"name":"as3","time":0}]},"as5":{"attachment":[{"name":"as5","time":0}]},"as4":{"attachment":[{"name":"as4","time":0}]},"club":{"color":[{"color":"ffffffff","time":0},{"color":"ffffff00","time":0.3333}]},"as1":{"attachment":[{"name":"as1","time":0}]}},"bones":{"bone17":{"scale":[{"x":2,"y":2,"time":3.6667},{"x":4,"y":4,"time":3.8667}]},"bone18":{"scale":[{"x":2,"y":2,"time":3.6667},{"x":4,"y":4,"time":3.8667}]},"bone15":{"rotate":[{"angle":0,"time":0},{"angle":-39.61,"time":0.5},{"angle":0,"time":1},{"angle":77.59,"time":1.5},{"angle":0,"time":2},{"angle":-40.2,"time":2.5},{"angle":0,"time":3},{"angle":65.77,"time":3.5},{"angle":0,"time":4}],"scale":[{"x":0.8,"y":0.8,"time":0}],"translate":[{"x":216.63,"y":-48.68,"time":0}]},"bone3":{"scale":[{"x":1,"y":1,"time":0},{"x":1,"y":0.5,"time":0.3333}],"translate":[{"x":126.57,"y":43.81,"time":0},{"x":125.88,"y":80.18,"time":0.1667},{"x":144.52,"y":305,"time":0.3333}]},"bone2":{"scale":[{"x":1,"y":1,"time":0},{"x":1,"y":0.5,"time":0.3333}],"translate":[{"x":0,"y":21.91,"time":0},{"x":0,"y":77.47,"time":0.1667},{"x":0,"y":297.33,"time":0.3333}]},"bone10":{"scale":[{"x":2,"y":2,"time":3.6667},{"x":4,"y":4,"time":3.8667}]},"bone":{"scale":[{"x":1,"y":1,"time":0},{"x":1,"y":0.5,"time":0.3333}],"translate":[{"x":-116.83,"y":-55.98,"time":0},{"x":-116.83,"y":76.9,"time":0.1667},{"x":-116.83,"y":306.42,"time":0.3333}]},"bone9":{"translate":[{"x":31.64,"y":-113.28,"time":0},{"x":31.64,"y":-301.73,"time":0.3333}]},"bone13":{"scale":[{"x":2,"y":2,"time":3.6667},{"x":4,"y":4,"time":3.8667}]},"bone14":{"rotate":[{"angle":0,"time":0},{"angle":49.6,"time":0.5},{"angle":0,"time":1},{"angle":-37.8,"time":1.5},{"angle":0,"time":2},{"angle":49.6,"time":2.5},{"angle":0,"time":3},{"angle":-42.67,"time":3.5},{"angle":0,"time":4}],"translate":[{"x":-374.84,"y":-97.36,"time":0}]},"bone11":{"rotate":[{"angle":3.29,"time":0},{"angle":60.87,"time":0.5},{"angle":3.29,"time":1},{"angle":-55.43,"time":1.5},{"angle":3.29,"time":2},{"angle":60.87,"time":2.5},{"angle":3.29,"time":3},{"angle":-55.43,"time":3.5},{"angle":3.29,"time":4}],"translate":[{"x":351.02,"y":20.45,"time":0}]},"bone12":{"rotate":[{"angle":0,"time":0},{"angle":-71.48,"time":0.5},{"angle":0,"time":1},{"angle":44.51,"time":1.5},{"angle":0,"time":2},{"angle":-71.48,"time":2.5},{"angle":0,"time":3},{"angle":44.51,"time":3.5},{"angle":0,"time":4}],"translate":[{"x":-224.5,"y":17.81,"time":0}]}}},"anim2":{"slots":{"7":{"attachment":[{"name":null,"time":0.3},{"name":"7","time":0.3333}]},"8":{"attachment":[{"name":null,"time":0.4333},{"name":"8","time":0.4667}]},"9":{"attachment":[{"name":null,"time":0.5667},{"name":"9","time":0.6}]},"10":{"color":[{"color":"ffffffff","time":0.5667},{"color":"ffffff00","time":0.7}],"attachment":[{"name":"9","time":0.5667}]},"11":{"color":[{"color":"ffffffff","time":0.4333},{"color":"ffffff00","time":0.6333}],"attachment":[{"name":"8","time":0.4333}]},"12":{"color":[{"color":"ffffffff","time":0.3},{"color":"ffffff00","time":0.5}],"attachment":[{"name":"7","time":0.3}]},"club2":{"attachment":[{"name":"club","time":0.1667},{"name":null,"time":0.3333},{"name":"club","time":0.5}]}},"bones":{"bone17":{"translate":[{"x":-116.83,"y":-55.98,"time":0.3}]},"bone16":{"translate":[{"x":31.64,"y":-113.28,"time":0.1667}]},"bone3":{"scale":[{"x":1,"y":1,"time":0.2667},{"x":1.2,"y":1.2,"time":0.3667},{"x":1.5,"y":1.2,"time":0.4667},{"x":1,"y":1,"time":0.5667},{"x":1.2,"y":1,"time":0.6333},{"x":1,"y":1,"time":0.7}],"translate":[{"curve":"stepped","x":126.57,"y":43.81,"time":0},{"x":126.57,"y":43.81,"time":0.2667},{"curve":"stepped","x":126.57,"y":90.06,"time":0.3667},{"x":126.57,"y":90.06,"time":0.4667},{"x":126.57,"y":43.81,"time":0.5667}]},"bone2":{"scale":[{"x":1,"y":1,"time":0.1333},{"x":1.2,"y":1.2,"time":0.2333},{"x":1.5,"y":1.2,"time":0.3333},{"x":1,"y":1,"time":0.4333},{"x":1.2,"y":1,"time":0.5333},{"x":1,"y":1,"time":0.6333}],"translate":[{"curve":"stepped","x":0,"y":21.91,"time":0},{"x":0,"y":21.91,"time":0.1333},{"curve":"stepped","x":0,"y":85.19,"time":0.2333},{"x":0,"y":85.19,"time":0.3333},{"x":0,"y":21.91,"time":0.4333}]},"bone10":{"translate":[{"x":126.57,"y":0,"time":0},{"x":126.57,"y":43.81,"time":0.5667}]},"bone":{"scale":[{"x":1,"y":1,"time":0},{"x":1.2,"y":1.2,"time":0.1},{"x":1.5,"y":1.2,"time":0.2},{"x":1,"y":1,"time":0.3},{"x":1.2,"y":1,"time":0.4},{"x":1,"y":1,"time":0.5}],"translate":[{"x":-116.83,"y":-55.98,"time":0},{"curve":"stepped","x":-116.83,"y":7.3,"time":0.1},{"x":-116.83,"y":7.3,"time":0.2},{"x":-116.83,"y":-55.98,"time":0.3}]},"bone9":{"translate":[{"x":31.64,"y":-113.28,"time":0}]},"bone13":{"translate":[{"x":0,"y":21.91,"time":0.4333}]}}},"loading":{"slots":{"7":{"attachment":[{"name":null,"time":0},{"name":"7","time":0.6667}]},"8":{"attachment":[{"name":null,"time":0},{"name":"8","time":1.1333}]},"9":{"attachment":[{"name":null,"time":0},{"name":"9","time":1.6}]},"10":{"color":[{"color":"ffffffff","time":2.0667},{"color":"ffffff00","time":2.3333}],"attachment":[{"name":"9","time":2.0667}]},"11":{"color":[{"color":"ffffffff","time":2.0667},{"color":"ffffff00","time":2.3333}],"attachment":[{"name":"8","time":2.0667}]},"12":{"color":[{"color":"ffffffff","time":2.0667},{"color":"ffffff00","time":2.3333}],"attachment":[{"name":"7","time":2.0667},{"name":null,"time":4}]},"as3":{"attachment":[{"name":"as3","time":0}]},"as5":{"attachment":[{"name":"as5","time":0}]},"as4":{"attachment":[{"name":"as4","time":0}]},"club3":{"color":[{"color":"ffffffff","time":0.3333},{"color":"ffffff00","time":0.6667},{"color":"ffffffff","time":2.0667},{"color":"ffffff00","time":2.3333}],"attachment":[{"name":"club","time":0.3333},{"name":null,"time":0.6667},{"name":"club","time":2.0667}]},"club2":{"color":[{"color":"ffffffff","time":0.3333},{"color":"ffffff00","time":0.6667}],"attachment":[{"name":"club","time":0.3333},{"name":null,"time":2.3333}]},"as1":{"attachment":[{"name":"as1","time":0}]}},"bones":{"bone17":{"scale":[{"x":0.1,"y":0.1,"time":0.6667},{"x":1.3,"y":1,"time":0.8667},{"curve":"stepped","x":1,"y":1,"time":1},{"x":1,"y":1,"time":2.0667},{"x":1.5,"y":1.5,"time":2.3333},{"x":2,"y":2,"time":3.6667},{"x":4,"y":4,"time":3.8667}],"translate":[{"x":-116.83,"y":328.59,"time":0.6667},{"x":-116.83,"y":-53.55,"time":0.8667},{"x":-116.83,"y":0,"time":1},{"x":-116.83,"y":-55.98,"time":1.1333}]},"bone18":{"scale":[{"x":0.1,"y":0.1,"time":0},{"x":1.2,"y":1.2,"time":0.3333},{"x":3,"y":3,"time":0.6667},{"x":1,"y":1,"time":2.0667},{"x":1.5,"y":1.5,"time":2.3333},{"x":2,"y":2,"time":3.6667},{"x":4,"y":4,"time":3.8667}],"translate":[{"x":31.64,"y":-113.28,"time":0}]},"bone15":{"rotate":[{"angle":0,"time":0},{"angle":-39.61,"time":0.5},{"angle":0,"time":1},{"angle":77.59,"time":1.5},{"angle":0,"time":2},{"angle":-40.2,"time":2.5},{"angle":0,"time":3},{"angle":65.77,"time":3.5},{"angle":0,"time":4}],"scale":[{"x":0.8,"y":0.8,"time":0}],"translate":[{"x":216.63,"y":-48.68,"time":0}]},"bone16":{"scale":[{"x":0.1,"y":0.1,"time":0},{"x":1.2,"y":1.2,"time":0.3333},{"x":3,"y":3,"time":0.6667}],"translate":[{"x":31.64,"y":-113.28,"time":0}]},"bone10":{"scale":[{"x":0.1,"y":0.1,"time":1.6},{"x":1.3,"y":1,"time":1.8},{"curve":"stepped","x":1,"y":1,"time":1.9333},{"x":1,"y":1,"time":2.0667},{"x":1.5,"y":1.5,"time":2.3333},{"x":2,"y":2,"time":3.6667},{"x":4,"y":4,"time":3.8667}],"translate":[{"x":126.57,"y":331.02,"time":1.6},{"x":126.57,"y":48.68,"time":1.8},{"x":126.57,"y":77.89,"time":1.9333},{"x":126.57,"y":43.81,"time":2.0667}]},"bone":{"scale":[{"x":0.1,"y":0.1,"time":0.6667},{"x":1.3,"y":1,"time":0.8667},{"x":1,"y":1,"time":1}],"translate":[{"x":-116.83,"y":328.59,"time":0.6667},{"x":-116.83,"y":-53.55,"time":0.8667},{"x":-116.83,"y":0,"time":1},{"x":-116.83,"y":-55.98,"time":1.1333}]},"bone9":{"scale":[{"x":0.1,"y":0.1,"time":0},{"x":1.2,"y":1.2,"time":0.3333},{"x":1,"y":1,"time":0.6667}],"translate":[{"x":31.64,"y":-113.28,"time":0}]},"bone13":{"scale":[{"x":0.1,"y":0.1,"time":1.1333},{"x":1.3,"y":1,"time":1.3333},{"curve":"stepped","x":1,"y":1,"time":1.4667},{"x":1,"y":1,"time":2.0667},{"x":1.5,"y":1.5,"time":2.3333},{"x":2,"y":2,"time":3.6667},{"x":4,"y":4,"time":3.8667}],"translate":[{"x":0,"y":340.76,"time":1.1333},{"x":0,"y":26.77,"time":1.3333},{"x":0,"y":60.85,"time":1.4667},{"x":0,"y":21.91,"time":1.6}]},"bone14":{"rotate":[{"angle":0,"time":0},{"angle":49.6,"time":0.5},{"angle":0,"time":1},{"angle":-37.8,"time":1.5},{"angle":0,"time":2},{"angle":49.6,"time":2.5},{"angle":0,"time":3},{"angle":-42.67,"time":3.5},{"angle":0,"time":4}],"translate":[{"x":-374.84,"y":-97.36,"time":0}]},"bone11":{"rotate":[{"angle":3.29,"time":0},{"angle":60.87,"time":0.5},{"angle":3.29,"time":1},{"angle":-55.43,"time":1.5},{"angle":3.29,"time":2},{"angle":60.87,"time":2.5},{"angle":3.29,"time":3},{"angle":-55.43,"time":3.5},{"angle":3.29,"time":4}],"translate":[{"x":351.02,"y":20.45,"time":0}]},"bone12":{"rotate":[{"angle":0,"time":0},{"angle":-71.48,"time":0.5},{"angle":0,"time":1},{"angle":44.51,"time":1.5},{"angle":0,"time":2},{"angle":-71.48,"time":2.5},{"angle":0,"time":3},{"angle":44.51,"time":3.5},{"angle":0,"time":4}],"translate":[{"x":-224.5,"y":17.81,"time":0}]},"bone3":{"scale":[{"x":0.1,"y":0.1,"time":1.6},{"x":1.3,"y":1,"time":1.8},{"x":1,"y":1,"time":1.9333}],"translate":[{"x":126.57,"y":331.02,"time":1.6},{"x":126.57,"y":48.68,"time":1.8},{"x":126.57,"y":77.89,"time":1.9333},{"x":126.57,"y":43.81,"time":2.0667}]},"bone2":{"scale":[{"x":0.1,"y":0.1,"time":1.1333},{"x":1.3,"y":1,"time":1.3333},{"x":1,"y":1,"time":1.4667}],"translate":[{"x":0,"y":340.76,"time":1.1333},{"x":0,"y":26.77,"time":1.3333},{"x":0,"y":60.85,"time":1.4667},{"x":0,"y":21.91,"time":1.6}]}}}}},[0]]],0,0,[0],[-1],[0]]