[1,["83YLErq6hLY5P+ak85odNY","ecpdLyjvZBwrvm+cedCcQy","68VUX2m7VL6pE696r1PSWu","7a/QZLET9IDreTiBfRn2PD","9f4rYhtNtF0Z8kKixNlHcI"],["node","_textureSetter","spLogo","scene","_parent","_spriteFrame","_N$skeletonData"],[["cc.Node",["_name","_id","_components","_contentSize","_children","_trs","_parent"],1,9,5,2,7,1],["cc.Widget",["_alignFlags","_top","_bottom","_originalWidth","_originalHeight","node"],-2,1],"cc.SpriteFrame",["cc.SceneAsset",["_name","asyncLoadAssets"],1],["cc.Node",["_name","_parent","_components","_contentSize","_trs"],2,1,2,5,7],["cc.Canvas",["node","_designResolution"],3,1,5],["837bdElbDVDArpzVlMZtdPy",["node","spLogo"],3,1,1],["cc.Sprite",["_sizeMode","node","_materials","_spriteFrame"],2,1,3,6],["cc.Scene",["_name","_children","_anchorPoint","_trs"],2,2,5,7],["cc.Camera",["_clearFlags","_depth","node"],1,1],["sp.Skeleton",["defaultSkin","defaultAnimation","_preCacheMode","premultipliedAlpha","_animationName","node","_materials"],-2,1,3]],[[0,0,6,2,3,2],[3,0,1,3],[0,0,1,4,2,3,5,3],[4,0,1,2,3,4,2],[5,0,1,1],[1,0,5,2],[1,0,1,2,3,4,5,6],[6,0,1,1],[7,0,1,2,3,2],[8,0,1,2,3,2],[9,0,1,2,3],[10,0,1,2,3,4,5,6,6]],[[[{"name":"bg-loading","rect":[0,0,1560,720],"offset":[0,0],"originalSize":[1560,720],"capInsets":[0,0,0,0]}],[2],0,[0],[1],[0]],[[[1,"Root",null],[2,"Canvas","a5esZu+45LA5mBpvttspPD",[-5,-6,-7],[[4,-1,[5,1560,720]],[5,45,-2],[7,-4,-3]],[5,1560,720],[780,360,0,0,0,0,1,1,1,1]],[0,"bg",1,[[8,2,-8,[0],1],[6,45,1.7763568394002505e-14,-2.1316282072803006e-14,1560,720,-9]],[5,1560,720]],[9,"New Node",[1],[0,0,0],[0,0,0,0,0,0,1,1,1,1]],[0,"Main Camera",1,[[10,7,-1,-10]],[5,960,640]],[3,"logo",1,[-11],[5,363,253],[3.407,10.037,0,0,0,0,1,1,1,0.7]],[11,"default","loading",0,false,"loading",5,[2]]],0,[0,0,1,0,0,1,0,2,6,0,0,1,0,-1,4,0,-2,2,0,-3,5,0,0,2,0,0,2,0,0,4,0,-1,6,0,3,3,1,4,3,11],[0,0,0,6],[-1,5,-1,6],[1,2,3,4]]]]